distinct_id,"Document le plus recommand√©","Document 2","Document 3","Document 4","Document 5","Score de la meilleur reco","Score 2","Score 3","Score 4","Score 5"
05ebff3b-5097-4b77-84a9-542b330c93dd,74c55886-abd3-4871-a9ed-fd739c0885d5,31817c5a-d893-4fe5-8527-6d9f05d50536,65a138a9-ec54-4e4b-aaac-9286b01a7ec6,d7528f22-ec63-4981-a09c-20475887e2c4,50a61dc8-9bdb-4f0a-a45f-5c2c7ca1d7bf,100,50.3,50.1,43.4,36.2
090e345f-eb27-4264-9300-d567fa77d5fb,2d67c10f-956e-4453-bea5-d58c8b2aed15,74c55886-abd3-4871-a9ed-fd739c0885d5,31817c5a-d893-4fe5-8527-6d9f05d50536,65a138a9-ec54-4e4b-aaac-9286b01a7ec6,7bac4ec5-4f95-4723-9cde-1ab35083b536,100,66.1,55.1,49,47
09b2850b-3590-4473-8c8a-18b61c61febd,2d67c10f-956e-4453-bea5-d58c8b2aed15,31817c5a-d893-4fe5-8527-6d9f05d50536,65a138a9-ec54-4e4b-aaac-9286b01a7ec6,d7528f22-ec63-4981-a09c-20475887e2c4,50a61dc8-9bdb-4f0a-a45f-5c2c7ca1d7bf,100,32.4,32.2,28.9,26.2
0c51e24c-7202-441e-9c01-a85a5cf675f9,74c55886-abd3-4871-a9ed-fd739c0885d5,31817c5a-d893-4fe5-8527-6d9f05d50536,65a138a9-ec54-4e4b-aaac-9286b01a7ec6,d7528f22-ec63-4981-a09c-20475887e2c4,50a61dc8-9bdb-4f0a-a45f-5c2c7ca1d7bf,100,40.4,39.4,32,24.4
12021138-e704-4ddd-9417-c46cfce2ca04,50a61dc8-9bdb-4f0a-a45f-5c2c7ca1d7bf,65a138a9-ec54-4e4b-aaac-9286b01a7ec6,00fd97c0-f6f0-49d6-8658-e909717a497f,cc351040-a05d-490f-bb42-d5bb15b42a59,6271e693-b1db-4c0d-a7fa-765fb31b825a,100,96,79.3,75.2,67.6
127828b0-8cfa-4bfb-908e-80f908c658d5,74c55886-abd3-4871-a9ed-fd739c0885d5,eb408f40-fa62-4775-880a-2595e6cb022b,8837f122-96a1-4052-adf7-a5aaeaf24929,8b7b72bf-3fb8-4ec0-9272-ee27372f03a5,c0e495af-0be9-4ec4-96ba-9c5c849a0918,100,44.6,38.8,34.2,33.8
12cfcfb8-0abd-4659-aa5c-82f2d86d32bd,2d67c10f-956e-4453-bea5-d58c8b2aed15,74c55886-abd3-4871-a9ed-fd739c0885d5,d7528f22-ec63-4981-a09c-20475887e2c4,50a61dc8-9bdb-4f0a-a45f-5c2c7ca1d7bf,7bac4ec5-4f95-4723-9cde-1ab35083b536,100,38.7,14.7,11.8,11.7
14c5d63d-6c3f-430b-9950-decc48f71839,2d67c10f-956e-4453-bea5-d58c8b2aed15,74c55886-abd3-4871-a9ed-fd739c0885d5,31817c5a-d893-4fe5-8527-6d9f05d50536,65a138a9-ec54-4e4b-aaac-9286b01a7ec6,d7528f22-ec63-4981-a09c-20475887e2c4,100,32.2,12.8,12.4,9.9
169815a4-6df3-401a-b8f6-87a7fabff760,74c55886-abd3-4871-a9ed-fd739c0885d5,50a61dc8-9bdb-4f0a-a45f-5c2c7ca1d7bf,7bac4ec5-4f95-4723-9cde-1ab35083b536,5011267c-10fd-4e62-a83d-3f53653527a5,cc351040-a05d-490f-bb42-d5bb15b42a59,100,34.4,33,29.3,25.9
1877c712-579d-4cb1-ba99-80703c8055c5,2d67c10f-956e-4453-bea5-d58c8b2aed15,74c55886-abd3-4871-a9ed-fd739c0885d5,31817c5a-d893-4fe5-8527-6d9f05d50536,65a138a9-ec54-4e4b-aaac-9286b01a7ec6,d7528f22-ec63-4981-a09c-20475887e2c4,100,48.3,26.1,26.1,23.1
1b9db2e8-6cd7-4b4c-a300-17033ec4051a,2d67c10f-956e-4453-bea5-d58c8b2aed15,74c55886-abd3-4871-a9ed-fd739c0885d5,31817c5a-d893-4fe5-8527-6d9f05d50536,65a138a9-ec54-4e4b-aaac-9286b01a7ec6,d7528f22-ec63-4981-a09c-20475887e2c4,100,31.7,12.6,12,9.6
1c563595-9a0f-4ad5-a18d-24d050c72777,74c55886-abd3-4871-a9ed-fd739c0885d5,31817c5a-d893-4fe5-8527-6d9f05d50536,65a138a9-ec54-4e4b-aaac-9286b01a7ec6,d7528f22-ec63-4981-a09c-20475887e2c4,50a61dc8-9bdb-4f0a-a45f-5c2c7ca1d7bf,100,40.5,39.2,31.6,24.1
1c6f9111-1e18-474d-adf3-f590529e089c,2d67c10f-956e-4453-bea5-d58c8b2aed15,74c55886-abd3-4871-a9ed-fd739c0885d5,31817c5a-d893-4fe5-8527-6d9f05d50536,65a138a9-ec54-4e4b-aaac-9286b01a7ec6,d7528f22-ec63-4981-a09c-20475887e2c4,100,32.6,13.2,12.7,10.2
208f1120-e320-414f-8e1f-fe4141ab006a,2d67c10f-956e-4453-bea5-d58c8b2aed15,74c55886-abd3-4871-a9ed-fd739c0885d5,31817c5a-d893-4fe5-8527-6d9f05d50536,65a138a9-ec54-4e4b-aaac-9286b01a7ec6,d7528f22-ec63-4981-a09c-20475887e2c4,100,34.1,14.2,13.8,11.3
20b0d0e4-87b2-4cd1-b966-bef44a03755f,74c55886-abd3-4871-a9ed-fd739c0885d5,50a61dc8-9bdb-4f0a-a45f-5c2c7ca1d7bf,7bac4ec5-4f95-4723-9cde-1ab35083b536,5011267c-10fd-4e62-a83d-3f53653527a5,cc351040-a05d-490f-bb42-d5bb15b42a59,100,46.5,43.1,40,36.8
21783ec2-649d-4381-9213-3a04d33c97c6,2d67c10f-956e-4453-bea5-d58c8b2aed15,31817c5a-d893-4fe5-8527-6d9f05d50536,65a138a9-ec54-4e4b-aaac-9286b01a7ec6,d7528f22-ec63-4981-a09c-20475887e2c4,50a61dc8-9bdb-4f0a-a45f-5c2c7ca1d7bf,100,15.8,15.3,12.6,9.9
27170d49-c441-4a0b-84ff-8f0543675130,74c55886-abd3-4871-a9ed-fd739c0885d5,65a138a9-ec54-4e4b-aaac-9286b01a7ec6,31817c5a-d893-4fe5-8527-6d9f05d50536,d7528f22-ec63-4981-a09c-20475887e2c4,50a61dc8-9bdb-4f0a-a45f-5c2c7ca1d7bf,100,61.1,59.9,56,50.9
2757a707-dc36-41ba-b9d5-62d332d47fb9,74c55886-abd3-4871-a9ed-fd739c0885d5,50a61dc8-9bdb-4f0a-a45f-5c2c7ca1d7bf,7bac4ec5-4f95-4723-9cde-1ab35083b536,5011267c-10fd-4e62-a83d-3f53653527a5,cc351040-a05d-490f-bb42-d5bb15b42a59,100,61.8,52.9,51.3,50.4
292b6a94-ce26-4122-aab9-5895e7b21f7f,74c55886-abd3-4871-a9ed-fd739c0885d5,50a61dc8-9bdb-4f0a-a45f-5c2c7ca1d7bf,7bac4ec5-4f95-4723-9cde-1ab35083b536,5011267c-10fd-4e62-a83d-3f53653527a5,cc351040-a05d-490f-bb42-d5bb15b42a59,100,51,47.5,44.5,41.2
293ad39f-6e5c-407d-be09-de33059b9884,65a138a9-ec54-4e4b-aaac-9286b01a7ec6,31817c5a-d893-4fe5-8527-6d9f05d50536,d7528f22-ec63-4981-a09c-20475887e2c4,50a61dc8-9bdb-4f0a-a45f-5c2c7ca1d7bf,7bac4ec5-4f95-4723-9cde-1ab35083b536,100,97.1,87.4,73.2,67.5
29b288f7-cf74-4190-a3d6-5e310ef78584,74c55886-abd3-4871-a9ed-fd739c0885d5,31817c5a-d893-4fe5-8527-6d9f05d50536,65a138a9-ec54-4e4b-aaac-9286b01a7ec6,d7528f22-ec63-4981-a09c-20475887e2c4,50a61dc8-9bdb-4f0a-a45f-5c2c7ca1d7bf,100,40.8,39.9,32.5,24.9
29d6b9b9-a102-4005-ab76-5c4d87e2fff4,65a138a9-ec54-4e4b-aaac-9286b01a7ec6,31817c5a-d893-4fe5-8527-6d9f05d50536,d7528f22-ec63-4981-a09c-20475887e2c4,50a61dc8-9bdb-4f0a-a45f-5c2c7ca1d7bf,7bac4ec5-4f95-4723-9cde-1ab35083b536,100,97.4,86.3,71.1,65.8
2e223e7d-e10a-4441-810e-e90b49ed9e97,74c55886-abd3-4871-a9ed-fd739c0885d5,50a61dc8-9bdb-4f0a-a45f-5c2c7ca1d7bf,d7528f22-ec63-4981-a09c-20475887e2c4,00fd97c0-f6f0-49d6-8658-e909717a497f,65a138a9-ec54-4e4b-aaac-9286b01a7ec6,100,92.6,87.6,79.9,79.6
332e3a9e-5f96-415c-8416-2b0b2c251937,74c55886-abd3-4871-a9ed-fd739c0885d5,65a138a9-ec54-4e4b-aaac-9286b01a7ec6,d7528f22-ec63-4981-a09c-20475887e2c4,50a61dc8-9bdb-4f0a-a45f-5c2c7ca1d7bf,7bac4ec5-4f95-4723-9cde-1ab35083b536,100,57.3,51.4,44.7,43.5
355540d7-242a-4cc3-9b21-a711916342e5,74c55886-abd3-4871-a9ed-fd739c0885d5,65a138a9-ec54-4e4b-aaac-9286b01a7ec6,d7528f22-ec63-4981-a09c-20475887e2c4,50a61dc8-9bdb-4f0a-a45f-5c2c7ca1d7bf,7bac4ec5-4f95-4723-9cde-1ab35083b536,100,45.2,38.2,30.7,29.7
36d1140d-6b13-4603-b70c-4492989dfb57,74c55886-abd3-4871-a9ed-fd739c0885d5,65a138a9-ec54-4e4b-aaac-9286b01a7ec6,31817c5a-d893-4fe5-8527-6d9f05d50536,d7528f22-ec63-4981-a09c-20475887e2c4,00fd97c0-f6f0-49d6-8658-e909717a497f,100,58.2,57.2,53,35.7
391d6319-c90d-42c5-a0bf-9cbed73d2a31,2d67c10f-956e-4453-bea5-d58c8b2aed15,74c55886-abd3-4871-a9ed-fd739c0885d5,31817c5a-d893-4fe5-8527-6d9f05d50536,65a138a9-ec54-4e4b-aaac-9286b01a7ec6,d7528f22-ec63-4981-a09c-20475887e2c4,100,32.3,13.4,12.6,10.1
3ad34889-0823-4bac-a11b-398415745a23,2d67c10f-956e-4453-bea5-d58c8b2aed15,74c55886-abd3-4871-a9ed-fd739c0885d5,31817c5a-d893-4fe5-8527-6d9f05d50536,65a138a9-ec54-4e4b-aaac-9286b01a7ec6,d7528f22-ec63-4981-a09c-20475887e2c4,100,32.7,13.2,12.7,10.2
3e0627fe-306d-44f9-98b2-caa6f9b16784,74c55886-abd3-4871-a9ed-fd739c0885d5,31817c5a-d893-4fe5-8527-6d9f05d50536,65a138a9-ec54-4e4b-aaac-9286b01a7ec6,d7528f22-ec63-4981-a09c-20475887e2c4,50a61dc8-9bdb-4f0a-a45f-5c2c7ca1d7bf,100,41.4,41.2,34.1,26.4
3e3b5729-e284-46f5-a64b-9310db4b065b,2d67c10f-956e-4453-bea5-d58c8b2aed15,74c55886-abd3-4871-a9ed-fd739c0885d5,31817c5a-d893-4fe5-8527-6d9f05d50536,65a138a9-ec54-4e4b-aaac-9286b01a7ec6,d7528f22-ec63-4981-a09c-20475887e2c4,100,47.3,26.5,25.6,22.1
40b33abb-808b-4685-9885-43a91aba0ba4,65a138a9-ec54-4e4b-aaac-9286b01a7ec6,d7528f22-ec63-4981-a09c-20475887e2c4,50a61dc8-9bdb-4f0a-a45f-5c2c7ca1d7bf,7bac4ec5-4f95-4723-9cde-1ab35083b536,5011267c-10fd-4e62-a83d-3f53653527a5,100,88,75.2,73.9,67
4169c184-d8e5-41f4-a992-de511c8e1f70,2d67c10f-956e-4453-bea5-d58c8b2aed15,65a138a9-ec54-4e4b-aaac-9286b01a7ec6,d7528f22-ec63-4981-a09c-20475887e2c4,50a61dc8-9bdb-4f0a-a45f-5c2c7ca1d7bf,7bac4ec5-4f95-4723-9cde-1ab35083b536,100,19.8,16.9,13.8,13.4
41afc8e4-ebca-471c-b56e-80b2f7514d44,2d67c10f-956e-4453-bea5-d58c8b2aed15,74c55886-abd3-4871-a9ed-fd739c0885d5,50a61dc8-9bdb-4f0a-a45f-5c2c7ca1d7bf,7bac4ec5-4f95-4723-9cde-1ab35083b536,5011267c-10fd-4e62-a83d-3f53653527a5,100,59.8,34,27.6,26.7
440765f7-4a3a-4667-b6fd-2c1ec2a478f9,2d67c10f-956e-4453-bea5-d58c8b2aed15,74c55886-abd3-4871-a9ed-fd739c0885d5,65a138a9-ec54-4e4b-aaac-9286b01a7ec6,d7528f22-ec63-4981-a09c-20475887e2c4,50a61dc8-9bdb-4f0a-a45f-5c2c7ca1d7bf,100,32.9,12.9,10.4,7.9
48d12109-e01f-4a69-a261-6bfbc19c6098,31817c5a-d893-4fe5-8527-6d9f05d50536,65a138a9-ec54-4e4b-aaac-9286b01a7ec6,d7528f22-ec63-4981-a09c-20475887e2c4,50a61dc8-9bdb-4f0a-a45f-5c2c7ca1d7bf,7bac4ec5-4f95-4723-9cde-1ab35083b536,100,99.7,88.6,77.5,74.5
4aa5fe82-c9a6-4550-869f-6c00f314846c,74c55886-abd3-4871-a9ed-fd739c0885d5,31817c5a-d893-4fe5-8527-6d9f05d50536,65a138a9-ec54-4e4b-aaac-9286b01a7ec6,d7528f22-ec63-4981-a09c-20475887e2c4,50a61dc8-9bdb-4f0a-a45f-5c2c7ca1d7bf,100,43.4,42.6,35.3,27.7
4ac5404c-64ec-4b2a-8215-5e39c5996bdb,65a138a9-ec54-4e4b-aaac-9286b01a7ec6,31817c5a-d893-4fe5-8527-6d9f05d50536,d7528f22-ec63-4981-a09c-20475887e2c4,50a61dc8-9bdb-4f0a-a45f-5c2c7ca1d7bf,7bac4ec5-4f95-4723-9cde-1ab35083b536,100,97.8,90.1,80.9,75.7
504d58d6-3443-45d8-a8bf-0c8d0b1baeff,50a61dc8-9bdb-4f0a-a45f-5c2c7ca1d7bf,d7528f22-ec63-4981-a09c-20475887e2c4,65a138a9-ec54-4e4b-aaac-9286b01a7ec6,cc351040-a05d-490f-bb42-d5bb15b42a59,31817c5a-d893-4fe5-8527-6d9f05d50536,100,99.9,96.8,76.2,75.6
5469b137-be89-40d0-9bd5-d8ba22084e48,74c55886-abd3-4871-a9ed-fd739c0885d5,50a61dc8-9bdb-4f0a-a45f-5c2c7ca1d7bf,cc351040-a05d-490f-bb42-d5bb15b42a59,00fd97c0-f6f0-49d6-8658-e909717a497f,7bac4ec5-4f95-4723-9cde-1ab35083b536,100,68.2,55.2,55.1,53.5
578b786f-8207-440c-83a6-fa035c332439,74c55886-abd3-4871-a9ed-fd739c0885d5,65a138a9-ec54-4e4b-aaac-9286b01a7ec6,d7528f22-ec63-4981-a09c-20475887e2c4,50a61dc8-9bdb-4f0a-a45f-5c2c7ca1d7bf,7bac4ec5-4f95-4723-9cde-1ab35083b536,100,57.1,50.9,44.9,44.3
592c502b-eaab-40d5-8b58-5a5a2add6388,2d67c10f-956e-4453-bea5-d58c8b2aed15,74c55886-abd3-4871-a9ed-fd739c0885d5,31817c5a-d893-4fe5-8527-6d9f05d50536,5011267c-10fd-4e62-a83d-3f53653527a5,70e285a5-c2bf-49c3-a62c-a9e914e691a2,100,67.9,39.7,35.7,26
5b2da8d2-1167-496f-96ac-b120654dedc7,74c55886-abd3-4871-a9ed-fd739c0885d5,31817c5a-d893-4fe5-8527-6d9f05d50536,65a138a9-ec54-4e4b-aaac-9286b01a7ec6,d7528f22-ec63-4981-a09c-20475887e2c4,50a61dc8-9bdb-4f0a-a45f-5c2c7ca1d7bf,100,41.9,40.8,33.4,25.6
61754d80-e0ad-4abf-8671-672974796832,74c55886-abd3-4871-a9ed-fd739c0885d5,31817c5a-d893-4fe5-8527-6d9f05d50536,65a138a9-ec54-4e4b-aaac-9286b01a7ec6,d7528f22-ec63-4981-a09c-20475887e2c4,50a61dc8-9bdb-4f0a-a45f-5c2c7ca1d7bf,100,44.3,43.8,36.8,29.1
61bd8e1b-bb34-4a6f-9ec8-dc12b87b96df,2d67c10f-956e-4453-bea5-d58c8b2aed15,31817c5a-d893-4fe5-8527-6d9f05d50536,65a138a9-ec54-4e4b-aaac-9286b01a7ec6,d7528f22-ec63-4981-a09c-20475887e2c4,50a61dc8-9bdb-4f0a-a45f-5c2c7ca1d7bf,100,14.8,14.4,11.7,9.1
68f19131-7f6b-4e06-b0ca-39c016c37483,2d67c10f-956e-4453-bea5-d58c8b2aed15,74c55886-abd3-4871-a9ed-fd739c0885d5,31817c5a-d893-4fe5-8527-6d9f05d50536,65a138a9-ec54-4e4b-aaac-9286b01a7ec6,d7528f22-ec63-4981-a09c-20475887e2c4,100,33.8,14.2,13.6,11
69d255aa-6469-42cd-9f66-6c603e57dc67,2d67c10f-956e-4453-bea5-d58c8b2aed15,74c55886-abd3-4871-a9ed-fd739c0885d5,d7528f22-ec63-4981-a09c-20475887e2c4,50a61dc8-9bdb-4f0a-a45f-5c2c7ca1d7bf,7bac4ec5-4f95-4723-9cde-1ab35083b536,100,43.3,18.7,15.6,15.4
6be647e3-de74-4254-bc6b-aa11332cd1ae,74c55886-abd3-4871-a9ed-fd739c0885d5,31817c5a-d893-4fe5-8527-6d9f05d50536,65a138a9-ec54-4e4b-aaac-9286b01a7ec6,d7528f22-ec63-4981-a09c-20475887e2c4,50a61dc8-9bdb-4f0a-a45f-5c2c7ca1d7bf,100,64.7,63.1,57,51.6
6d475d75-d0fe-46fa-addc-b721b6ece8f7,74c55886-abd3-4871-a9ed-fd739c0885d5,d7528f22-ec63-4981-a09c-20475887e2c4,50a61dc8-9bdb-4f0a-a45f-5c2c7ca1d7bf,7bac4ec5-4f95-4723-9cde-1ab35083b536,5011267c-10fd-4e62-a83d-3f53653527a5,100,44.9,37.7,35.2,31.7
6f9e7427-0e6f-469d-af2e-dfef2a8b8827,2d67c10f-956e-4453-bea5-d58c8b2aed15,d7528f22-ec63-4981-a09c-20475887e2c4,50a61dc8-9bdb-4f0a-a45f-5c2c7ca1d7bf,5011267c-10fd-4e62-a83d-3f53653527a5,cc351040-a05d-490f-bb42-d5bb15b42a59,100,22.3,19.2,16.6,14.9
715e2013-a8be-4313-a212-5ab50f2e77a9,74c55886-abd3-4871-a9ed-fd739c0885d5,50a61dc8-9bdb-4f0a-a45f-5c2c7ca1d7bf,7bac4ec5-4f95-4723-9cde-1ab35083b536,5011267c-10fd-4e62-a83d-3f53653527a5,cc351040-a05d-490f-bb42-d5bb15b42a59,100,39,36.5,33,29.9
720258d3-9b83-481f-a235-f82b35cb535d,2d67c10f-956e-4453-bea5-d58c8b2aed15,65a138a9-ec54-4e4b-aaac-9286b01a7ec6,d7528f22-ec63-4981-a09c-20475887e2c4,7bac4ec5-4f95-4723-9cde-1ab35083b536,5011267c-10fd-4e62-a83d-3f53653527a5,100,18.1,15.3,12.1,10.6
7230d117-6fd9-4d92-8449-e8c1c6b01ecb,2d67c10f-956e-4453-bea5-d58c8b2aed15,74c55886-abd3-4871-a9ed-fd739c0885d5,31817c5a-d893-4fe5-8527-6d9f05d50536,65a138a9-ec54-4e4b-aaac-9286b01a7ec6,d7528f22-ec63-4981-a09c-20475887e2c4,100,33.2,13.7,13.2,10.7
74cd94dc-350f-460e-be99-19634150691b,2d67c10f-956e-4453-bea5-d58c8b2aed15,74c55886-abd3-4871-a9ed-fd739c0885d5,31817c5a-d893-4fe5-8527-6d9f05d50536,65a138a9-ec54-4e4b-aaac-9286b01a7ec6,d7528f22-ec63-4981-a09c-20475887e2c4,100,32.5,13,12.6,10.1
763b9b12-b580-40af-8374-35b6855b4ae4,2d67c10f-956e-4453-bea5-d58c8b2aed15,74c55886-abd3-4871-a9ed-fd739c0885d5,31817c5a-d893-4fe5-8527-6d9f05d50536,65a138a9-ec54-4e4b-aaac-9286b01a7ec6,d7528f22-ec63-4981-a09c-20475887e2c4,100,33.4,13.9,13.3,10.7
7a0676ba-121b-4fe3-b53f-f448cc4eb771,2d67c10f-956e-4453-bea5-d58c8b2aed15,74c55886-abd3-4871-a9ed-fd739c0885d5,31817c5a-d893-4fe5-8527-6d9f05d50536,65a138a9-ec54-4e4b-aaac-9286b01a7ec6,d7528f22-ec63-4981-a09c-20475887e2c4,100,32.5,13.2,12.6,10.1
7ab4538a-cd72-439c-b105-f861b79018c4,74c55886-abd3-4871-a9ed-fd739c0885d5,31817c5a-d893-4fe5-8527-6d9f05d50536,65a138a9-ec54-4e4b-aaac-9286b01a7ec6,d7528f22-ec63-4981-a09c-20475887e2c4,50a61dc8-9bdb-4f0a-a45f-5c2c7ca1d7bf,100,41.6,40.4,32.9,25.4
7d7184dd-d56a-4b24-9d1e-9d7780659ea3,74c55886-abd3-4871-a9ed-fd739c0885d5,65a138a9-ec54-4e4b-aaac-9286b01a7ec6,31817c5a-d893-4fe5-8527-6d9f05d50536,d7528f22-ec63-4981-a09c-20475887e2c4,50a61dc8-9bdb-4f0a-a45f-5c2c7ca1d7bf,100,45.1,44.2,38.5,30.8
80b4c407-6ea1-4f90-95b8-7608fb6c158e,74c55886-abd3-4871-a9ed-fd739c0885d5,31817c5a-d893-4fe5-8527-6d9f05d50536,65a138a9-ec54-4e4b-aaac-9286b01a7ec6,d7528f22-ec63-4981-a09c-20475887e2c4,50a61dc8-9bdb-4f0a-a45f-5c2c7ca1d7bf,100,42.7,42.2,35,27.4
82a282bd-87c5-4660-9d6b-04aa3da24d1b,2d67c10f-956e-4453-bea5-d58c8b2aed15,74c55886-abd3-4871-a9ed-fd739c0885d5,31817c5a-d893-4fe5-8527-6d9f05d50536,65a138a9-ec54-4e4b-aaac-9286b01a7ec6,d7528f22-ec63-4981-a09c-20475887e2c4,100,33.2,13.7,13.2,10.7
84dbf474-83e7-4c34-adc0-af84dd576a22,2d67c10f-956e-4453-bea5-d58c8b2aed15,74c55886-abd3-4871-a9ed-fd739c0885d5,31817c5a-d893-4fe5-8527-6d9f05d50536,65a138a9-ec54-4e4b-aaac-9286b01a7ec6,d7528f22-ec63-4981-a09c-20475887e2c4,100,35.3,15.1,14.6,12
86d76011-5ac4-417e-b35d-a25050290f2b,2d67c10f-956e-4453-bea5-d58c8b2aed15,74c55886-abd3-4871-a9ed-fd739c0885d5,31817c5a-d893-4fe5-8527-6d9f05d50536,65a138a9-ec54-4e4b-aaac-9286b01a7ec6,d7528f22-ec63-4981-a09c-20475887e2c4,100,33.5,13.9,13.5,11
88ef4a1a-a39d-4db4-9978-f8581ea08cf4,2d67c10f-956e-4453-bea5-d58c8b2aed15,31817c5a-d893-4fe5-8527-6d9f05d50536,65a138a9-ec54-4e4b-aaac-9286b01a7ec6,d7528f22-ec63-4981-a09c-20475887e2c4,5011267c-10fd-4e62-a83d-3f53653527a5,100,26.8,26.2,22.9,17.7
8c102325-9c92-419d-8415-61f8fa02ae6c,74c55886-abd3-4871-a9ed-fd739c0885d5,65a138a9-ec54-4e4b-aaac-9286b01a7ec6,d7528f22-ec63-4981-a09c-20475887e2c4,7bac4ec5-4f95-4723-9cde-1ab35083b536,50a61dc8-9bdb-4f0a-a45f-5c2c7ca1d7bf,100,61.7,55.3,49.6,49.1
8dd37dbf-7958-48b5-b92d-94fcde5a36bb,2d67c10f-956e-4453-bea5-d58c8b2aed15,74c55886-abd3-4871-a9ed-fd739c0885d5,31817c5a-d893-4fe5-8527-6d9f05d50536,65a138a9-ec54-4e4b-aaac-9286b01a7ec6,d7528f22-ec63-4981-a09c-20475887e2c4,100,32.8,13.5,12.9,10.3
8f7ba373-e0bf-4eb4-8c6e-4a05df5356b7,2d67c10f-956e-4453-bea5-d58c8b2aed15,d7528f22-ec63-4981-a09c-20475887e2c4,50a61dc8-9bdb-4f0a-a45f-5c2c7ca1d7bf,7bac4ec5-4f95-4723-9cde-1ab35083b536,5011267c-10fd-4e62-a83d-3f53653527a5,100,13.3,10.6,10.3,8.9
9190964a-5254-4e21-9861-b5707dadb757,2d67c10f-956e-4453-bea5-d58c8b2aed15,65a138a9-ec54-4e4b-aaac-9286b01a7ec6,d7528f22-ec63-4981-a09c-20475887e2c4,50a61dc8-9bdb-4f0a-a45f-5c2c7ca1d7bf,7bac4ec5-4f95-4723-9cde-1ab35083b536,100,20.6,17.7,14.7,14.2
93a8e31e-3581-4b7a-9cca-87e1c89a4b98,74c55886-abd3-4871-a9ed-fd739c0885d5,31817c5a-d893-4fe5-8527-6d9f05d50536,65a138a9-ec54-4e4b-aaac-9286b01a7ec6,d7528f22-ec63-4981-a09c-20475887e2c4,50a61dc8-9bdb-4f0a-a45f-5c2c7ca1d7bf,100,47.7,47.3,40.5,32.8
93b83640-09cc-4a56-a95e-4c64aa5c2ed9,2d67c10f-956e-4453-bea5-d58c8b2aed15,74c55886-abd3-4871-a9ed-fd739c0885d5,65a138a9-ec54-4e4b-aaac-9286b01a7ec6,d7528f22-ec63-4981-a09c-20475887e2c4,7bac4ec5-4f95-4723-9cde-1ab35083b536,100,35.6,15.1,12.3,9.9
97d532c1-1249-465c-a693-d917797ae3e4,2d67c10f-956e-4453-bea5-d58c8b2aed15,74c55886-abd3-4871-a9ed-fd739c0885d5,31817c5a-d893-4fe5-8527-6d9f05d50536,65a138a9-ec54-4e4b-aaac-9286b01a7ec6,d7528f22-ec63-4981-a09c-20475887e2c4,100,32.8,13.5,12.9,10.4
992c21f5-7a85-433a-bdea-ebc7abdfdb92,2d67c10f-956e-4453-bea5-d58c8b2aed15,31817c5a-d893-4fe5-8527-6d9f05d50536,65a138a9-ec54-4e4b-aaac-9286b01a7ec6,d7528f22-ec63-4981-a09c-20475887e2c4,50a61dc8-9bdb-4f0a-a45f-5c2c7ca1d7bf,100,22,21.3,18.2,15.2
9a6dfd94-0329-41e2-97ed-f30d443b870f,74c55886-abd3-4871-a9ed-fd739c0885d5,31817c5a-d893-4fe5-8527-6d9f05d50536,d7528f22-ec63-4981-a09c-20475887e2c4,50a61dc8-9bdb-4f0a-a45f-5c2c7ca1d7bf,7bac4ec5-4f95-4723-9cde-1ab35083b536,100,45.1,38.9,31.3,29.4
9bedf088-3925-4be4-9bea-c923f2523860,2d67c10f-956e-4453-bea5-d58c8b2aed15,74c55886-abd3-4871-a9ed-fd739c0885d5,31817c5a-d893-4fe5-8527-6d9f05d50536,65a138a9-ec54-4e4b-aaac-9286b01a7ec6,d7528f22-ec63-4981-a09c-20475887e2c4,100,36.3,16.1,15.5,12.7
9ed3aaeb-1821-4f69-a8e2-18f8fd916975,2d67c10f-956e-4453-bea5-d58c8b2aed15,74c55886-abd3-4871-a9ed-fd739c0885d5,31817c5a-d893-4fe5-8527-6d9f05d50536,65a138a9-ec54-4e4b-aaac-9286b01a7ec6,d7528f22-ec63-4981-a09c-20475887e2c4,100,37,16.6,16.1,13.4
a427d5b4-b8b7-4e21-a323-c3430270ddd7,65a138a9-ec54-4e4b-aaac-9286b01a7ec6,31817c5a-d893-4fe5-8527-6d9f05d50536,d7528f22-ec63-4981-a09c-20475887e2c4,50a61dc8-9bdb-4f0a-a45f-5c2c7ca1d7bf,7bac4ec5-4f95-4723-9cde-1ab35083b536,100,99.3,91.2,84.4,79.7
a8db126f-d5f3-4736-845e-89b55313bf47,2d67c10f-956e-4453-bea5-d58c8b2aed15,31817c5a-d893-4fe5-8527-6d9f05d50536,65a138a9-ec54-4e4b-aaac-9286b01a7ec6,d7528f22-ec63-4981-a09c-20475887e2c4,50a61dc8-9bdb-4f0a-a45f-5c2c7ca1d7bf,100,16.1,15.9,13.2,10.5
aa6530f4-ecc2-4edb-9133-db4d819d4cd9,2d67c10f-956e-4453-bea5-d58c8b2aed15,74c55886-abd3-4871-a9ed-fd739c0885d5,31817c5a-d893-4fe5-8527-6d9f05d50536,65a138a9-ec54-4e4b-aaac-9286b01a7ec6,d7528f22-ec63-4981-a09c-20475887e2c4,100,32.7,13.2,12.8,10.4
ab3d91a6-c9d0-4856-a684-7938e0f2c482,2d67c10f-956e-4453-bea5-d58c8b2aed15,74c55886-abd3-4871-a9ed-fd739c0885d5,31817c5a-d893-4fe5-8527-6d9f05d50536,65a138a9-ec54-4e4b-aaac-9286b01a7ec6,d7528f22-ec63-4981-a09c-20475887e2c4,100,33,13.5,13,10.5
abde1ee3-c9f9-487a-87a6-dca98ebc58fd,31817c5a-d893-4fe5-8527-6d9f05d50536,73dcb360-cc78-4b5a-af42-c7011be2a872,5f76086f-2632-4ac6-bc5a-ae329642bc8c,c6e49d6b-2bf7-4a14-952d-dd593c7f22ce,6d3471e7-54d9-4ef9-81cd-a3c5a7ce4810,100,85.1,84.5,83.8,83
b1d8775e-dac2-43a7-8979-a9f9f0c36c00,2d67c10f-956e-4453-bea5-d58c8b2aed15,74c55886-abd3-4871-a9ed-fd739c0885d5,31817c5a-d893-4fe5-8527-6d9f05d50536,65a138a9-ec54-4e4b-aaac-9286b01a7ec6,d7528f22-ec63-4981-a09c-20475887e2c4,100,32,12.6,12.2,9.8
b28d3cfb-8a9a-4382-9fea-7cee50c486ff,2d67c10f-956e-4453-bea5-d58c8b2aed15,74c55886-abd3-4871-a9ed-fd739c0885d5,31817c5a-d893-4fe5-8527-6d9f05d50536,65a138a9-ec54-4e4b-aaac-9286b01a7ec6,d7528f22-ec63-4981-a09c-20475887e2c4,100,36.4,16.6,15.7,12.8
b6ddb2d3-523d-4083-a1f7-7d7b2d0fa16c,d7528f22-ec63-4981-a09c-20475887e2c4,65a138a9-ec54-4e4b-aaac-9286b01a7ec6,31817c5a-d893-4fe5-8527-6d9f05d50536,8837f122-96a1-4052-adf7-a5aaeaf24929,89ee6278-6198-4eb7-930a-a4fdf048e8b1,100,93.1,70,56.8,52.6
bedab82d-62b4-481a-b2b6-2ba6377c8885,2d67c10f-956e-4453-bea5-d58c8b2aed15,74c55886-abd3-4871-a9ed-fd739c0885d5,65a138a9-ec54-4e4b-aaac-9286b01a7ec6,d7528f22-ec63-4981-a09c-20475887e2c4,31817c5a-d893-4fe5-8527-6d9f05d50536,100,67.8,46.5,46.5,40.7
c42287b1-4dcd-490e-a513-7064358ff8a4,74c55886-abd3-4871-a9ed-fd739c0885d5,65a138a9-ec54-4e4b-aaac-9286b01a7ec6,31817c5a-d893-4fe5-8527-6d9f05d50536,d7528f22-ec63-4981-a09c-20475887e2c4,50a61dc8-9bdb-4f0a-a45f-5c2c7ca1d7bf,100,42.8,42.8,35.9,28.3
c669fa63-3cdd-459e-b025-33e0a02f3108,2d67c10f-956e-4453-bea5-d58c8b2aed15,74c55886-abd3-4871-a9ed-fd739c0885d5,31817c5a-d893-4fe5-8527-6d9f05d50536,65a138a9-ec54-4e4b-aaac-9286b01a7ec6,d7528f22-ec63-4981-a09c-20475887e2c4,100,32.4,13.2,12.6,10.1
c7659a62-c1e1-410b-ba78-af552d3a4794,74c55886-abd3-4871-a9ed-fd739c0885d5,65a138a9-ec54-4e4b-aaac-9286b01a7ec6,d7528f22-ec63-4981-a09c-20475887e2c4,50a61dc8-9bdb-4f0a-a45f-5c2c7ca1d7bf,7bac4ec5-4f95-4723-9cde-1ab35083b536,100,45.9,38.7,30.9,30.8
c7796e42-399a-43de-8c5d-61714954c3e2,74c55886-abd3-4871-a9ed-fd739c0885d5,65a138a9-ec54-4e4b-aaac-9286b01a7ec6,d7528f22-ec63-4981-a09c-20475887e2c4,50a61dc8-9bdb-4f0a-a45f-5c2c7ca1d7bf,7bac4ec5-4f95-4723-9cde-1ab35083b536,100,41.8,34.4,26.8,26.5
d00ac316-f07a-477c-8c3a-28f53e77300b,74c55886-abd3-4871-a9ed-fd739c0885d5,65a138a9-ec54-4e4b-aaac-9286b01a7ec6,50a61dc8-9bdb-4f0a-a45f-5c2c7ca1d7bf,7bac4ec5-4f95-4723-9cde-1ab35083b536,5011267c-10fd-4e62-a83d-3f53653527a5,100,48.4,34.2,32.9,29.1
d0b4608e-3f77-41ab-9533-a91c3bb1cb4d,74c55886-abd3-4871-a9ed-fd739c0885d5,d7528f22-ec63-4981-a09c-20475887e2c4,50a61dc8-9bdb-4f0a-a45f-5c2c7ca1d7bf,7bac4ec5-4f95-4723-9cde-1ab35083b536,5011267c-10fd-4e62-a83d-3f53653527a5,100,56.5,51.2,46.8,43.9
d2e93033-0257-4d54-9da6-f9e873d59d01,00fd97c0-f6f0-49d6-8658-e909717a497f,cc351040-a05d-490f-bb42-d5bb15b42a59,687557e7-b342-46ad-8a39-cfdd225d6c77,b030e9e3-9a66-4cac-a949-16330a023a77,aff7f3e1-e083-4b0e-80ae-83748564638b,100,98,70.1,63.5,61.6
d3b50eda-5357-434d-9821-f4806aad12a3,2d67c10f-956e-4453-bea5-d58c8b2aed15,31817c5a-d893-4fe5-8527-6d9f05d50536,65a138a9-ec54-4e4b-aaac-9286b01a7ec6,d7528f22-ec63-4981-a09c-20475887e2c4,50a61dc8-9bdb-4f0a-a45f-5c2c7ca1d7bf,100,13.8,13.5,11.1,8.5
db692131-ae7a-4f62-9e87-152415c0d0a0,2d67c10f-956e-4453-bea5-d58c8b2aed15,74c55886-abd3-4871-a9ed-fd739c0885d5,31817c5a-d893-4fe5-8527-6d9f05d50536,65a138a9-ec54-4e4b-aaac-9286b01a7ec6,d7528f22-ec63-4981-a09c-20475887e2c4,100,35.8,15.4,14.9,12.3
e82b1d3d-510f-4b10-a056-60b5a3dbf609,2d67c10f-956e-4453-bea5-d58c8b2aed15,74c55886-abd3-4871-a9ed-fd739c0885d5,d7528f22-ec63-4981-a09c-20475887e2c4,65a138a9-ec54-4e4b-aaac-9286b01a7ec6,13f5a336-a891-4aff-8ddf-0d3e1ac7f487,100,78.6,62.8,58.7,47.7
ebacacba-405e-4a63-b1a7-678ab56e2666,2d67c10f-956e-4453-bea5-d58c8b2aed15,74c55886-abd3-4871-a9ed-fd739c0885d5,31817c5a-d893-4fe5-8527-6d9f05d50536,65a138a9-ec54-4e4b-aaac-9286b01a7ec6,d7528f22-ec63-4981-a09c-20475887e2c4,100,35.7,16.1,15.2,12.3
ed0100ac-5105-4e0f-b544-62302342c3c2,2d67c10f-956e-4453-bea5-d58c8b2aed15,74c55886-abd3-4871-a9ed-fd739c0885d5,31817c5a-d893-4fe5-8527-6d9f05d50536,65a138a9-ec54-4e4b-aaac-9286b01a7ec6,d7528f22-ec63-4981-a09c-20475887e2c4,100,31.2,12.5,11.8,9.3
ed8ea22d-a8d7-4bb3-add7-6252cf9e52ec,2d67c10f-956e-4453-bea5-d58c8b2aed15,74c55886-abd3-4871-a9ed-fd739c0885d5,31817c5a-d893-4fe5-8527-6d9f05d50536,65a138a9-ec54-4e4b-aaac-9286b01a7ec6,d7528f22-ec63-4981-a09c-20475887e2c4,100,31.4,12,11.7,9.4
ee4dab9b-d73d-4ef5-8b5e-00544f3281fb,2d67c10f-956e-4453-bea5-d58c8b2aed15,74c55886-abd3-4871-a9ed-fd739c0885d5,31817c5a-d893-4fe5-8527-6d9f05d50536,65a138a9-ec54-4e4b-aaac-9286b01a7ec6,d7528f22-ec63-4981-a09c-20475887e2c4,100,33.4,13.6,13.2,10.6
ef0bd814-1b22-490d-bea8-012839f7e19e,74c55886-abd3-4871-a9ed-fd739c0885d5,31817c5a-d893-4fe5-8527-6d9f05d50536,65a138a9-ec54-4e4b-aaac-9286b01a7ec6,d7528f22-ec63-4981-a09c-20475887e2c4,50a61dc8-9bdb-4f0a-a45f-5c2c7ca1d7bf,100,43.5,43.3,36.2,28.6
efad1a0c-31fe-4466-8e37-f52c37c0fbf9,2d67c10f-956e-4453-bea5-d58c8b2aed15,74c55886-abd3-4871-a9ed-fd739c0885d5,d7528f22-ec63-4981-a09c-20475887e2c4,7bac4ec5-4f95-4723-9cde-1ab35083b536,50a61dc8-9bdb-4f0a-a45f-5c2c7ca1d7bf,100,36,12.7,10,9.9
f089e997-8b45-47cf-8b27-47276efe94f6,2d67c10f-956e-4453-bea5-d58c8b2aed15,31817c5a-d893-4fe5-8527-6d9f05d50536,65a138a9-ec54-4e4b-aaac-9286b01a7ec6,d7528f22-ec63-4981-a09c-20475887e2c4,50a61dc8-9bdb-4f0a-a45f-5c2c7ca1d7bf,100,15.4,14.8,12.1,9.5
f08d6730-9002-4e59-92a4-f9310c1fed62,2d67c10f-956e-4453-bea5-d58c8b2aed15,74c55886-abd3-4871-a9ed-fd739c0885d5,50a61dc8-9bdb-4f0a-a45f-5c2c7ca1d7bf,7bac4ec5-4f95-4723-9cde-1ab35083b536,5011267c-10fd-4e62-a83d-3f53653527a5,100,43.7,15.7,15.5,13.8
f19c7067-4eed-4cfd-9104-b5e070b92f7f,74c55886-abd3-4871-a9ed-fd739c0885d5,50a61dc8-9bdb-4f0a-a45f-5c2c7ca1d7bf,7bac4ec5-4f95-4723-9cde-1ab35083b536,5011267c-10fd-4e62-a83d-3f53653527a5,cc351040-a05d-490f-bb42-d5bb15b42a59,100,39.9,37.3,33.9,30.8
f1d81044-2d99-4f6e-ac8c-4c85cc337bd8,74c55886-abd3-4871-a9ed-fd739c0885d5,31817c5a-d893-4fe5-8527-6d9f05d50536,65a138a9-ec54-4e4b-aaac-9286b01a7ec6,d7528f22-ec63-4981-a09c-20475887e2c4,50a61dc8-9bdb-4f0a-a45f-5c2c7ca1d7bf,100,43.5,42.9,35.6,28
f20eee05-cb08-49ff-b080-4c1dab35d102,65a138a9-ec54-4e4b-aaac-9286b01a7ec6,31817c5a-d893-4fe5-8527-6d9f05d50536,d7528f22-ec63-4981-a09c-20475887e2c4,50a61dc8-9bdb-4f0a-a45f-5c2c7ca1d7bf,7bac4ec5-4f95-4723-9cde-1ab35083b536,100,98.4,91,81.3,76.7
f655d046-140a-493f-9b89-be02b93ef4bd,65a138a9-ec54-4e4b-aaac-9286b01a7ec6,31817c5a-d893-4fe5-8527-6d9f05d50536,d7528f22-ec63-4981-a09c-20475887e2c4,50a61dc8-9bdb-4f0a-a45f-5c2c7ca1d7bf,7bac4ec5-4f95-4723-9cde-1ab35083b536,100,98.4,85.1,68.5,63.9
f7119947-b014-4ea0-8f7c-ff55441a7fe9,74c55886-abd3-4871-a9ed-fd739c0885d5,50a61dc8-9bdb-4f0a-a45f-5c2c7ca1d7bf,7bac4ec5-4f95-4723-9cde-1ab35083b536,5011267c-10fd-4e62-a83d-3f53653527a5,cc351040-a05d-490f-bb42-d5bb15b42a59,100,39.8,37.3,33.8,30.7
f7147a4e-a26d-43e7-8543-7db59f710431,74c55886-abd3-4871-a9ed-fd739c0885d5,31817c5a-d893-4fe5-8527-6d9f05d50536,50a61dc8-9bdb-4f0a-a45f-5c2c7ca1d7bf,7bac4ec5-4f95-4723-9cde-1ab35083b536,5011267c-10fd-4e62-a83d-3f53653527a5,100,64.6,55.8,52.9,50.2
f8b44f8c-ac25-475b-bee6-aa9caa1c5508,2d67c10f-956e-4453-bea5-d58c8b2aed15,74c55886-abd3-4871-a9ed-fd739c0885d5,50a61dc8-9bdb-4f0a-a45f-5c2c7ca1d7bf,7bac4ec5-4f95-4723-9cde-1ab35083b536,5011267c-10fd-4e62-a83d-3f53653527a5,100,35.1,9.4,9.2,7.9
f9e80aca-c967-4990-b007-d0ccc45f539a,74c55886-abd3-4871-a9ed-fd739c0885d5,65a138a9-ec54-4e4b-aaac-9286b01a7ec6,d7528f22-ec63-4981-a09c-20475887e2c4,50a61dc8-9bdb-4f0a-a45f-5c2c7ca1d7bf,7bac4ec5-4f95-4723-9cde-1ab35083b536,100,46.6,39.8,32.1,30.9
fa189a7d-2d31-401f-939a-186fa3ab01a1,2d67c10f-956e-4453-bea5-d58c8b2aed15,74c55886-abd3-4871-a9ed-fd739c0885d5,31817c5a-d893-4fe5-8527-6d9f05d50536,65a138a9-ec54-4e4b-aaac-9286b01a7ec6,d7528f22-ec63-4981-a09c-20475887e2c4,100,32.2,12.9,12.4,9.9
fa408e97-1ab2-40ad-ab78-a47be803260b,74c55886-abd3-4871-a9ed-fd739c0885d5,31817c5a-d893-4fe5-8527-6d9f05d50536,65a138a9-ec54-4e4b-aaac-9286b01a7ec6,d7528f22-ec63-4981-a09c-20475887e2c4,50a61dc8-9bdb-4f0a-a45f-5c2c7ca1d7bf,100,64.7,64.4,58.7,54.5
fa6f9a6d-fd6a-4ea8-9748-118e01e1e37c,2d67c10f-956e-4453-bea5-d58c8b2aed15,74c55886-abd3-4871-a9ed-fd739c0885d5,50a61dc8-9bdb-4f0a-a45f-5c2c7ca1d7bf,d7528f22-ec63-4981-a09c-20475887e2c4,00fd97c0-f6f0-49d6-8658-e909717a497f,100,86.9,81.4,71.6,67.7
fdeb7937-739d-4393-8b30-69840a19b343,74c55886-abd3-4871-a9ed-fd739c0885d5,31817c5a-d893-4fe5-8527-6d9f05d50536,65a138a9-ec54-4e4b-aaac-9286b01a7ec6,50a61dc8-9bdb-4f0a-a45f-5c2c7ca1d7bf,7bac4ec5-4f95-4723-9cde-1ab35083b536,100,40.8,39.3,24,24
fe2fe211-6bbc-4ba6-9394-3b70692fed1f,2d67c10f-956e-4453-bea5-d58c8b2aed15,74c55886-abd3-4871-a9ed-fd739c0885d5,d7528f22-ec63-4981-a09c-20475887e2c4,50a61dc8-9bdb-4f0a-a45f-5c2c7ca1d7bf,7bac4ec5-4f95-4723-9cde-1ab35083b536,100,42.9,18.1,15,14.3
ffc0a5cc-96d1-4dd1-9012-689a42efe8fc,74c55886-abd3-4871-a9ed-fd739c0885d5,65a138a9-ec54-4e4b-aaac-9286b01a7ec6,50a61dc8-9bdb-4f0a-a45f-5c2c7ca1d7bf,7bac4ec5-4f95-4723-9cde-1ab35083b536,5011267c-10fd-4e62-a83d-3f53653527a5,100,61,50.7,47.5,44.5
